0####-####zooming####with####you####trackpad	0,0,0,0,0,0	0,0,0,0,0,1	True
1####-####open####something####that####can####be####zoom####.####open####something####that####can####be####zoom####.####you####can####change####the####zoom####on####web####page####,####picture####,####document####,####and####more####.####you####will####not####be####able####to####zoom####on####the####desktop####or####in####finder####.####-####;	0,0,1,0,0,0,0,1,0,1,0,0,0,0,1,0,0,0,1,0,0,0,0,0,0,0,0,0,0,0,0,0,0,0,0,0,0,0,1,0,0,0,0,0,0,0,0,0	0,0,0,0,0,0,0,0,0,0,0,0,0,0,0,0,0,0,0,0,0,0,0,0,0,0,0,0,0,0,0,0,0,0,0,0,0,0,0,0,0,0,0,0,0,0,0,0	False
2####-####place####two####finger####on####the####trackpad####.####place####two####finger####on####the####trackpad####.	0,0,1,0,0,0,0,0,0,1,0,0,0,0,0,0	0,0,0,0,0,0,0,1,0,0,0,0,0,0,1,0	False
3####-####move####you####two####finger####apart####to####zoom####in####.####move####you####two####finger####apart####to####zoom####in####.	0,0,1,0,0,0,0,0,1,0,0,1,0,0,0,0,0,1,0,0	0,0,0,0,0,0,0,0,0,0,0,0,0,0,0,0,0,0,0,0	False
4####-####pinch####you####two####finger####together####to####zoom####out####.####pinch####you####two####finger####together####to####zoom####out####.	0,0,1,0,0,0,0,0,1,0,0,1,0,0,0,0,0,1,0,0	0,0,0,0,0,0,0,0,0,0,0,0,0,0,0,0,0,0,0,0	False
5####-####double####-####tap####two####finger####to####zoom####in####on####you####cursor####.####double####-####tap####two####finger####to####zoom####in####on####you####cursor####.####double####-####tap####you####two####finger####again####to####zoom####out####.####this####will####magnify####the####part####of####the####document####or####web####page####that####you####cursor####be####over####.####[####1####]####-####x####-####research####source	0,0,0,0,1,0,0,0,1,0,0,0,0,0,0,0,1,0,0,0,1,0,0,0,0,0,0,0,1,0,0,0,0,0,1,0,0,0,0,1,0,0,0,0,0,0,0,0,0,0,0,0,0,0,0,0,0,0,0,0,0,0	0,0,0,0,0,0,0,0,0,0,0,0,0,0,0,0,0,0,0,0,0,0,0,0,0,0,0,0,0,0,0,0,0,0,0,0,0,0,0,0,0,0,0,0,0,0,0,0,0,0,0,0,0,0,0,0,0,0,0,0,0,0	False
0####-####adjust####lcd####monitor####resolution	0,0,1,0,0,0	0,0,0,0,0,0	False
1####-####turn####on####the####computer####.####turn####on####the####computer####.####wait####for####the####main####screen####to####appear####.####-####;	0,0,1,0,0,0,0,1,0,0,0,0,1,0,0,0,0,0,1,0,0,0	0,0,0,0,0,0,0,0,0,0,0,0,0,0,0,0,1,0,0,0,0,0	False
2####-####ensure####that####no####other####program####be####run####.####ensure####that####no####other####program####be####run####.	0,0,1,0,0,0,0,0,1,0,1,0,0,0,0,0,1,0	0,0,0,0,0,0,0,0,0,0,0,0,0,0,0,0,0,0	False
3####-####move####the####cursor####over####"####start####"####(####or####the####microsoft####window####logo####)####from####the####lower####leave####hand####corner####of####the####screen####,####single####click####,####and####hold####the####mouse####button####down####to####view####other####menu####item####.####move####the####cursor####over####"####start####"####(####or####the####microsoft####window####logo####)####from####the####lower####leave####hand####corner####of####the####screen####,####single####click####,####and####hold####the####mouse####button####down####to####view####other####menu####item####.	0,0,1,0,0,0,0,0,0,0,0,0,0,0,0,0,0,0,0,1,0,0,0,0,0,0,0,0,0,0,1,0,0,0,0,0,1,0,0,0,0,1,0,0,0,0,0,0,0,0,0,0,0,0,0,0,0,0,1,0,0,0,0,0,0,0,0,0,0,1,0,0,0,0,0,1,0,0,0,0	0,0,0,0,0,0,0,0,0,0,0,0,0,0,0,0,0,0,0,0,0,0,0,0,1,0,0,0,0,0,0,0,0,0,0,0,0,0,0,0,0,0,0,0,0,0,0,0,0,0,0,0,0,0,0,0,0,0,0,0,0,0,0,1,0,0,0,0,0,0,0,0,0,0,0,0,0,0,0,0	False
4####-####select####"####control####panel####.####select####"####control####panel####.####"	0,0,1,0,0,0,0,1,0,0,0,0,0	0,0,0,0,0,0,0,0,0,0,0,0,0	False
5####-####locate####the####heading####,####"####appearance####and####personalization####,####"####then####select####the####sub-category####,####"####adjust####screen####resolution####.####locate####the####heading####,####"####appearance####and####personalization####,####"####then####select####the####sub-category####,####"####adjust####screen####resolution####.####"	0,0,1,0,0,0,0,0,0,0,0,0,0,1,0,0,0,0,1,0,0,0,1,0,0,0,0,0,0,0,0,0,0,1,0,0,0,0,1,0,0,0,0	0,0,0,0,0,0,0,0,0,0,0,0,0,0,0,0,0,0,0,1,0,0,0,0,0,0,0,0,0,0,0,0,0,0,0,0,0,0,0,1,0,0,0	False
6####-####click####"####resolution####"####and####wait####for####a####drop####-####down####slider####control####to####appear####.####click####"####resolution####"####and####wait####for####a####drop####-####down####slider####control####to####appear####.	0,0,1,0,0,0,0,1,0,0,0,0,0,0,0,0,1,0,1,0,0,0,0,1,0,0,0,0,0,0,0,0,1,0	0,0,0,0,0,0,0,0,0,0,0,0,0,0,0,0,0,0,0,0,0,0,0,0,0,0,0,0,0,0,0,0,0,0	False
7####-####drag####the####slider####up####or####down####until####the####desire####resolution####be####select####.####drag####the####slider####up####or####down####until####the####desire####resolution####be####select####.####click####"####apply####.####"####if####a####compatible####resolution####be####choose####,####the####screen####will####revert####to####these####setting####(####if####the####resolution####be####incompatible####,####select####another####resolution####)####.	0,0,1,0,0,0,0,0,0,0,1,0,0,1,0,1,0,0,0,0,0,0,0,1,0,0,1,0,1,0,1,0,0,0,0,0,0,0,1,0,0,0,0,1,0,0,0,0,0,0,0,0,0,0,1,0,0,0,0	0,0,0,0,0,0,0,0,0,0,0,0,0,0,0,0,0,0,0,0,0,0,0,0,0,0,0,0,0,0,0,0,0,0,0,0,0,0,0,0,0,1,0,0,0,0,0,0,0,0,0,0,0,0,0,0,0,0,0	True
8####-####wait####for####the####system####to####ask####if####the####setting####be####acceptable####.####wait####for####the####system####to####ask####if####the####setting####be####acceptable####.####select####"####yes####"####if####the####setting####be####accurate####,####otherwise####continue####change####the####resolution####until####the####desire####effect####be####achieve####.	0,0,1,0,0,0,0,1,0,0,0,0,0,0,1,0,0,0,0,1,0,0,0,0,0,0,1,0,0,0,0,0,0,0,0,0,0,1,1,0,0,0,0,1,0,0,1,0	0,0,0,0,0,0,0,0,0,0,0,0,0,0,0,0,0,0,0,0,0,0,0,0,0,0,0,0,0,0,0,0,0,0,0,0,0,0,0,0,0,0,0,0,0,0,0,0	False
0####-####changing####display####setting####on####window	0,0,0,0,0,0,0	0,0,0,0,0,0,0	False
1####-####open####start####.####open####start####.####click####the####window####logo####in####the####bottom####-####leave####corner####of####the####screen####.####the####start####menu####will####open####.	0,0,0,0,0,0,0,0,1,0,0,0,0,0,0,0,1,0,0,0,0,0,0,0,0,0,1,0	0,0,0,0,0,0,0,0,0,0,0,0,0,0,0,0,0,0,0,0,0,0,0,0,0,0,0,0	False
2####-####open####setting####.####open####setting####.####click####the####gear####-####shape####icon####in####the####lower####-####leave####side####of####the####menu####.	0,0,0,0,0,0,0,0,1,0,0,0,1,0,0,0,0,0,1,0,0,0,0,0	0,0,0,0,0,0,0,0,0,0,0,0,0,0,0,0,0,0,0,0,0,0,0,0	False
3####-####click####system####.####click####system####.####it####be####a####computer####-####shape####icon####in####the####settings####window####.	0,0,0,0,0,1,0,0,0,0,0,0,0,1,0,0,0,0,0,0	0,0,0,0,0,0,0,0,0,0,0,0,0,0,0,0,0,0,0,0	False
4####-####click####the####display####tab####.####click####the####display####tab####.####this####option####be####on####the####left####side####of####the####display####window####.	0,0,1,0,0,0,0,1,0,0,0,0,0,0,0,0,0,0,0,0,0,0,0,0	0,0,0,0,0,0,0,0,0,0,0,0,0,0,0,0,0,0,0,0,0,0,0,0	False
5####-####scroll####down####to####the####"####multiple####display####"####section####.####scroll####down####to####the####"####multiple####display####"####section####.####it####be####near####the####bottom####of####the####page####.	0,0,1,0,0,0,0,0,0,0,0,0,1,0,0,0,0,0,0,0,0,0,0,0,0,0,0,0,0,0,0	0,0,0,0,0,0,0,0,0,0,0,0,0,0,0,0,0,0,0,0,0,0,0,0,0,0,0,0,0,0,0	False
6####-####click####the####"####multiple####display####"####drop####-####down####box####.####click####the####"####multiple####display####"####drop####-####down####box####.####do####so####prompt####a####drop####-####down####menu####.	0,0,1,0,0,0,0,0,0,0,0,0,0,1,0,0,0,0,0,0,0,0,0,0,1,0,1,0,0,0,0,0,0	0,0,0,0,0,0,0,0,0,0,0,0,0,0,0,0,0,0,0,0,0,0,0,0,0,0,0,0,0,0,0,0,0	False
7####-####click####extend####these####display####.####click####extend####these####display####.####it####be####a####option####in####the####drop####-####down####box####.####this####will####ensure####that####you####tv####'s####screen####act####as####a####continuation####of####you####pc####'s####screen####(####rather####than####just####duplicate####it####)####.	0,0,0,1,0,0,0,1,1,0,0,0,0,0,0,0,0,0,0,0,0,0,0,0,0,1,0,0,0,0,0,1,0,0,0,0,0,0,0,0,0,0,0,0,1,0,0,0	0,0,0,0,0,0,0,0,0,0,0,0,0,0,0,0,0,0,0,0,0,0,0,0,0,0,0,0,1,1,1,0,0,0,0,0,0,0,0,0,0,0,0,0,0,0,0,0	True
8####-####use####you####extend####tv####display####.####use####you####extend####tv####display####.####move####you####mouse####all####the####way####to####the####right####edge####of####you####computer####will####move####the####mouse####onto####you####tv####'s####screen####,####where####you####can####proceed####to####use####the####computer####like####usual####.####-####any####content####on####you####computer####'s####screen####will####remain####as####it####be####before####extend####the####display####.####-####think####of####the####tv####as####a####screen####immediately####to####the####right####of####you####computer####'s####screen####.	0,0,1,0,1,0,0,0,1,0,1,0,0,0,1,0,0,0,0,0,0,0,0,0,0,0,0,0,1,0,0,0,0,0,0,0,0,0,0,0,1,0,1,0,0,0,0,0,0,0,0,0,0,0,0,0,0,1,0,0,1,0,1,0,0,0,0,1,0,0,0,0,0,0,0,0,0,0,0,0,0,0,0,0	0,0,0,0,0,0,0,0,0,0,0,0,0,0,0,0,0,0,0,0,0,0,0,0,0,0,0,0,0,0,0,0,0,1,1,1,0,0,0,0,0,0,0,0,0,0,0,0,0,0,0,0,0,0,0,0,0,0,0,0,0,0,0,0,0,0,0,0,0,0,0,0,0,0,0,0,0,0,0,0,0,0,0,0	False
0####-####printing####with####airprint####on####iphone	0,0,0,0,0,0,0	0,0,0,0,0,0,0	False
1####-####connect####you####airprint####printer####to####you####network####.####connect####you####airprint####printer####to####you####network####.####the####process####for####this####will####vary####depend####on####you####printer####.####generally####,####you####will####use####the####printer####'s####build####-####in####menu####to####select####you####wireless####network####and####enter####the####password####to####join####.####-####you####can####see####if####you####printer####be####airprint####-####compatible####by####check####apple####'s####support####page####.	0,0,1,0,0,0,0,0,0,0,1,0,0,0,0,0,0,0,0,0,0,0,0,1,1,0,0,0,0,0,0,0,0,1,0,0,0,1,0,0,0,0,1,0,0,0,0,1,0,0,0,1,0,0,0,0,1,0,0,0,0,0,0,0,0,1,0,0,0,0,0	0,0,0,0,0,0,0,0,0,0,0,0,0,0,0,0,0,0,0,0,0,0,0,0,0,0,0,0,0,0,0,0,0,0,0,0,0,0,0,0,0,0,0,0,0,0,0,0,0,0,0,0,0,0,0,0,0,0,0,0,0,0,0,0,0,0,0,0,0,0,0	True
2####-####make####sure####there####be####photo####paper####in####you####printer####.####make####sure####there####be####photo####paper####in####you####printer####.####most####modern####desktop####printer####will####have####a####special####tray####for####photo####paper####that####you####i####phone####will####automatically####print####picture####from####.####this####tray####may####be####adjustable####,####and####the####location####will####vary####depend####on####the####printer####.####refer####to####you####printer####'s####documentation####for####instruction####on####put####photo####paper####in####the####tray####.	0,0,1,0,0,1,0,0,0,0,0,0,1,0,0,1,0,0,0,0,0,0,0,0,0,0,0,1,0,0,0,0,0,0,0,0,0,0,0,0,1,0,0,0,0,0,0,0,0,0,0,0,0,0,1,1,0,0,0,0,1,0,0,0,0,0,0,0,0,1,0,0,0,0,0,0	0,0,0,0,0,0,0,0,0,0,0,0,0,0,0,0,0,0,0,0,0,0,0,0,0,0,0,0,0,0,0,0,0,0,0,0,0,0,0,0,0,0,0,0,0,0,0,0,0,0,0,0,0,0,0,0,0,0,0,0,0,0,0,0,0,0,0,0,0,0,0,0,0,0,0,0	False
3####-####ensure####you####be####connect####to####the####same####network####as####the####printer####.####ensure####you####be####connect####to####the####same####network####as####the####printer####.####you####will####need####to####be####on####the####same####network####as####the####airprint####printer####to####print####.####you####can####not####print####to####you####airprint####printer####remotely####from####a####different####wi####-####fi####network####.####-####you####can####do####this####by####open####setting####on####you####iphone####,####tap####on####wi####-####fi####,####and####look####at####which####network####you####phone####be####connect####to####.####if####you####be####not####connect####to####the####same####network####,####tap####on####the####network####you####printer####be####connect####to####,####and####enter####a####password####(####if####there####be####one####)####.	0,0,1,0,0,1,0,0,0,0,0,0,0,0,1,0,0,1,0,0,0,0,0,0,0,0,0,0,1,0,0,0,0,0,0,0,0,0,0,0,1,0,0,0,0,1,0,0,0,0,0,0,0,0,0,0,0,0,0,0,0,0,1,0,0,1,0,0,0,0,0,1,0,0,0,0,0,0,1,0,0,0,0,0,0,1,0,0,0,0,0,0,1,0,0,0,0,0,1,0,0,0,0,0,0,1,0,0,0,1,0,0,0,0,0,1,0,0,0	0,0,0,0,0,0,0,0,0,0,0,0,0,0,0,0,0,0,0,0,0,0,0,0,0,0,0,0,0,0,0,0,0,0,0,0,0,0,0,0,0,0,0,0,0,0,0,0,0,0,0,0,0,0,0,0,0,0,0,0,0,0,0,0,0,0,0,0,0,0,0,0,0,0,0,0,0,0,0,0,0,0,0,0,0,0,0,0,0,0,0,0,0,0,0,0,0,0,0,0,0,0,0,0,0,0,0,0,0,0,0,0,0,0,0,0,0,0,0	False
4####-####open####photo####on####you####i####phone####.####open####photo####on####you####iphone####.####this####app####icon####look####like####a####multicolor####flower####.####you####can####find####this####app####on####you####home####screen####or####by####search####.	0,0,0,0,0,0,0,0,0,1,0,0,0,0,0,0,0,0,1,0,0,1,0,0,0,0,1,0,0,0,0,0,0,0,0,1,0	0,0,0,0,0,0,0,0,0,0,0,0,0,0,0,0,0,0,0,0,0,0,0,0,0,0,0,0,0,0,0,0,0,0,0,0,0	False
5####-####tap####a####photo####you####want####to####print####.####tap####a####photo####you####want####to####print####.####if####you####want####to####print####more####than####one####photo####,####tap####and####hold####a####picture####and####it####will####get####a####blue####checkmark####in####the####upper####leave####corner####to####indicate####that####it####be####select####.####you####can####continue####tap####to####add####picture####to####you####selection####.####make####sure####you####do####not####select####a####video####,####though####,####as####that####will####prevent####you####from####get####the####option####to####print####.####[####2####]####-####x####-####research####source	0,0,1,0,0,0,1,0,1,0,1,0,0,0,1,0,1,0,0,0,1,0,1,0,0,0,0,0,1,0,1,0,0,0,0,0,1,0,0,0,0,0,0,1,0,0,1,0,0,0,1,0,0,0,1,1,0,1,0,0,0,0,0,1,0,0,0,0,1,0,0,0,0,0,0,0,0,1,0,0,1,0,0,0,1,0,0,0,0,0,0,0,0,0	0,0,0,0,0,0,0,0,0,0,0,0,0,0,0,0,0,0,0,0,0,0,0,0,0,0,0,0,0,0,0,0,0,0,0,0,0,0,0,0,0,0,0,0,0,0,0,0,0,0,0,0,0,0,0,0,0,0,0,0,0,0,0,0,0,0,0,0,0,0,0,0,0,0,0,0,0,0,0,0,0,0,0,0,0,0,0,0,0,0,0,0,0,0	False
6####-####tap####the####share####icon####.####tap####the####share####icon####.####you####will####find####this####in####the####lower####-####leave####corner####of####the####screen####.	0,0,1,0,0,0,0,1,0,0,0,0,0,0,1,0,0,0,0,0,1,0,0,0,0,0	0,0,0,0,0,0,0,0,0,0,0,0,0,0,0,0,0,0,0,0,0,0,0,0,0,0	False
7####-####tap####print####.####tap####print####.####you####will####find####this####in####the####second####row####of####share####option####.####you####may####have####to####swipe####the####row####from####right####to####leave####to####see####it####.	0,0,0,0,0,1,0,0,0,0,1,0,0,0,0,0,0,1,0,0,0,0,1,0,1,0,0,0,0,0,1,0,1,0,0	0,0,0,0,0,0,0,0,0,0,0,0,0,0,0,0,0,0,0,0,0,0,0,0,0,0,0,0,0,0,0,0,0,0,0	False
8####-####tap####"####select####printer####.####"####tap####"####select####printer####.####"####a####list####of####available####printer####will####appear####.	0,0,0,0,0,0,0,0,1,0,1,0,0,0,0,0,0,0,0,0,1,0	0,0,0,0,0,0,0,0,0,0,0,0,0,0,0,0,0,0,0,0,0,0	False
9####-####tap####you####printer####.####tap####you####printer####.####if####you####printer####be####not####on####the####list####,####verify####that####it####be####connect####to####the####same####network####as####you####and####that####it####be####airprint####compatible####.####restart####the####printer####and####you####router####will####usually####fix####connection####error####.####-####if####you####need####more####printing####option####,####you####may####want####to####try####the####printing####app####from####you####printer####'s####manufacturer####,####like####the####hp####app####,####hp####smart####.	0,0,1,0,0,0,1,0,0,0,0,0,0,0,0,0,0,0,0,1,0,0,0,1,0,0,0,0,0,0,0,0,0,0,0,0,0,1,0,0,0,0,0,0,0,1,0,0,0,0,0,0,1,0,0,0,0,0,0,1,0,1,0,0,0,0,0,0,0,0,0,0,0,0,0,0,0,0,0	0,0,0,0,0,0,0,0,0,0,0,0,0,0,0,0,0,0,0,0,0,0,0,0,0,0,0,0,0,0,0,0,0,0,0,0,0,0,0,0,0,0,0,0,0,0,0,0,0,0,0,0,0,0,0,0,0,0,0,0,0,0,0,0,0,0,0,0,0,0,0,0,0,0,0,0,0,0,0	False
10####-####tap####print####to####print####the####select####photo####.####tap####print####to####print####the####select####photo####.####you####printer####will####automatically####attempt####to####print####from####the####photo####paper####tray####on####you####printer####.	0,0,0,1,0,1,0,1,0,0,1,1,0,1,0,1,0,0,0,0,0,0,1,0,1,0,0,0,0,0,0,0,0,0	0,0,0,0,0,0,0,0,0,0,0,0,0,0,0,0,0,0,0,0,0,0,0,0,0,0,0,0,0,0,0,0,0,0	False
0####-####run####the####window####installer	0,0,1,0,0,0	0,0,0,0,0,0	False
1####-####restart####you####computer####into####the####bios_####uefi####.####restart####you####computer####into####the####bios####/####uefi####.####the####step####to####enter####the####bio####/####uefi####depend####on####you####pc####manufacturer####and####model####.####you####will####usually####have####to####press####a####certain####key####(####often####f2####,####f10####,####f1####,####or####del####)####right####after####the####computer####start####back####up####.####-####insert####the####usb####drive####into####a####free####usb####port####if####you####have####not####already####.	0,0,1,0,0,0,0,0,0,0,1,0,0,0,0,0,0,0,0,0,0,0,1,0,0,0,0,1,0,0,0,0,0,0,0,0,0,0,1,0,1,0,0,0,0,0,0,0,0,0,0,0,0,0,0,0,0,0,0,1,0,0,0,0,1,0,0,1,0,0,0,0,0,0,0,0,0,0,0	0,0,0,0,1,0,0,0,0,0,0,0,1,0,0,0,0,0,0,0,0,0,0,0,0,0,0,0,0,0,0,0,0,0,0,0,0,0,0,0,0,0,0,0,0,0,0,0,0,0,0,0,0,0,0,0,0,0,1,0,0,0,0,0,0,0,0,0,0,0,0,0,0,0,0,0,0,0,0	True
2####-####set####the####usb####drive####to####come####first####in####the####boot####order####.####set####the####usb####drive####to####come####first####in####the####boot####order####.####you####will####usually####do####this####in####a####menu####call####"####boot####"####or####"####boot####order####.####"####the####step####to####do####this####vary####by####pc####,####but####you####will####usually####have####to####select####usb####drive####and####mark####it####as####1st####boot####device####.####check####you####pc####manufacturer####'s####website####for####more####specific####instruction####about####you####bio####/####uefi####.	0,0,1,0,0,0,0,1,0,0,0,0,0,0,1,0,0,0,0,1,0,0,0,0,0,0,0,0,0,1,0,0,0,0,1,0,0,0,0,0,0,0,0,0,0,0,0,1,0,1,0,0,0,0,0,0,0,1,0,1,0,0,0,1,0,0,0,0,0,0,1,0,0,0,0,0,0,0,0,0,0,0,0,0,0,0	0,0,0,0,0,0,0,0,0,0,0,0,0,0,0,0,0,0,0,0,0,0,0,0,0,0,0,0,0,0,0,0,0,0,0,0,0,0,0,0,0,0,0,0,0,0,0,0,0,0,0,0,0,0,0,0,0,0,0,0,0,0,0,0,0,0,0,0,0,0,0,0,0,0,0,0,0,0,0,0,0,0,0,0,0,0	False
3####-####save####you####change####and####exit####the####bios_####uefi####.####save####you####change####and####exit####the####bio####/####uefi####.####most####bio####/####uefi####make####the####"####save####"####and####"####exit####"####key####very####clear####somewhere####on####the####screen####.####once####you####exit####the####bio####/####uefi####,####you####computer####will####boot####from####you####usb####drive####and####display####the####"####window####setup####"####window####.	0,0,1,0,0,0,1,0,0,0,0,1,0,0,0,1,0,0,0,0,0,0,0,0,0,1,0,0,0,0,0,0,0,0,0,0,0,0,0,0,0,0,0,0,1,0,0,0,0,0,0,0,0,1,0,0,0,0,0,1,0,0,0,0,0,0,0	0,0,0,0,0,0,0,0,0,0,0,0,0,0,0,0,0,0,0,0,0,0,0,0,0,0,0,0,0,0,0,0,0,0,0,0,0,0,0,0,0,0,0,0,0,0,0,0,0,0,0,1,0,0,0,0,0,0,0,0,0,0,0,0,0,0,0	False
4####-####click####custom####:####install####window####only####(####advanced####)####.####click####custom####:####install####window####only####(####advanced####)####.####it####be####the####second####option####on####the####window####.####a####list####of####partition####will####appear####.	0,0,1,0,0,1,0,0,0,0,0,0,1,0,0,1,0,0,0,0,0,0,0,0,0,0,0,0,0,0,0,0,0,0,0,0,1,0	0,0,0,0,0,0,0,0,0,0,0,0,0,0,0,0,0,0,0,0,0,0,0,0,0,0,0,0,0,0,0,0,0,0,0,0,0,0	False
5####-####select####the####window####10####partition####and####click####next.####select####the####window####'s####10####partition####and####click####next####.####this####be####the####partition####you####just####create####.####window####will####now####install####on####the####select####partition####.	0,0,1,0,0,0,0,0,1,0,1,0,0,0,0,0,0,1,0,0,0,0,0,0,0,0,1,0,0,0,0,1,0,0,1,0,0	0,0,0,0,0,0,0,0,0,0,0,0,0,0,0,0,0,0,0,0,0,0,0,0,0,0,0,0,0,0,0,0,0,0,0,0,0	False
6####-####follow####the####on####-####screen####instruction####to####install####window####.####follow####the####on####-####screen####instruction####to####install####window####.####once####you####finish####the####setup####,####you####will####boot####to####the####window####desktop####.	0,0,1,0,0,0,0,0,0,1,0,0,1,0,0,0,0,0,0,1,0,0,0,0,1,0,0,0,0,0,1,0,0,0,0,0	0,0,0,0,0,0,0,0,0,0,0,0,0,0,0,0,0,0,0,0,0,0,0,0,0,0,0,0,0,0,0,0,0,0,0,0	False
7####-####connect####to####the####internet####in####window####.####connect####to####the####internet####in####window####.####now####that####window####be####install####,####you####will####need####to####install####a####tool####that####allow####you####to####dual####-####boot####it####with####you####exist####ubuntu####installation####.####-####to####learn####how####to####connect####to####wi####-####fi####,####see####how####to####connect####to####wifi####in####window####10####or####how####to####connect####to####the####internet####.	0,0,1,0,0,0,0,0,0,1,0,0,0,0,0,0,0,0,0,0,1,0,0,0,1,0,1,0,0,0,1,0,0,1,0,1,0,0,0,1,0,0,0,0,0,1,0,0,1,0,0,0,0,0,1,0,0,1,0,0,0,0,0,0,0,0,1,0,0,0,0	0,0,0,0,0,0,0,0,0,0,0,0,0,0,0,0,0,0,0,0,0,0,0,0,0,0,0,0,0,0,0,0,0,0,0,0,0,0,0,0,0,0,0,0,0,0,0,0,0,0,0,0,0,0,0,0,0,0,0,0,0,0,0,0,0,0,0,0,0,0,0	False
0####-####step	0,0,0	0,0,0	False
1####-####dress####professionally####unless####convey####otherwise####;####for####man####preferably####dark####color####suit####(####blue####,####black####or####gray####)####with####a####non-flamboyant####shirt####and####tie####,####and####of####course####wear####polish####shoe####should####a####full####-####dress####camera####shot####apply####.####dress####professionally####unless####convey####otherwise####;####for####man####preferably####dark####color####suit####(####blue####,####black####or####gray####)####with####a####non-flamboyant####shirt####and####tie####,####and####of####course####wear####polish####shoe####should####a####full####-####dress####camera####shot####apply####.####-####;	0,0,0,0,0,1,0,0,0,0,0,0,1,0,0,0,0,0,0,0,0,0,0,0,0,0,0,0,0,0,0,1,1,0,0,0,0,0,0,0,0,1,0,0,0,0,1,0,0,0,0,0,0,1,0,0,0,0,0,0,0,0,0,0,0,0,0,0,0,0,0,0,1,1,0,0,0,0,0,0,0,0,1,0,0,0	0,0,0,0,0,0,0,0,0,0,0,0,0,0,0,0,0,0,0,0,0,0,0,0,0,0,0,0,0,0,0,0,0,0,0,0,0,0,0,1,0,0,0,0,0,0,0,0,0,0,0,0,0,0,0,0,0,0,0,0,0,0,0,0,0,0,0,0,0,0,0,0,0,0,0,0,0,0,0,0,1,0,0,0,0,0	True
2####-####for####woman####preferably####a####nice####pant####-####suit####or####dress####,####non-flamboyant####with####no####skin####reveal####beneath####the####neck####-####line####.####for####woman####preferably####a####nice####pant####-####suit####or####dress####,####non-flamboyant####with####no####skin####reveal####beneath####the####neck####-####line####.####shoe####should####complement####you####attire####;####avoid####unprofessional####look####stiletto####should####a####full####-####dress####camera####shot####apply####and####for####man####and####woman####avoid####display####of####excessive####jewelry####or####artwork####on####body####-####part####.	0,0,0,0,0,0,0,0,0,0,0,0,0,0,0,0,0,1,0,0,0,0,0,0,0,0,0,0,0,0,0,0,0,0,0,0,0,0,0,1,0,0,0,0,0,0,0,0,1,0,0,0,1,0,1,0,0,0,0,0,0,0,0,1,0,0,0,0,0,1,0,0,0,0,0,0,0,0,0,0,0	0,0,0,0,0,0,0,0,0,0,0,0,0,0,0,0,0,0,0,0,0,0,0,0,0,0,0,0,0,0,0,0,0,0,0,0,0,0,0,0,0,0,0,0,0,0,0,0,0,0,0,0,0,0,0,0,0,0,0,0,0,1,0,0,0,0,0,0,0,0,0,0,0,0,0,0,0,0,0,0,0	False
3####-####shut####down####you####mobile####phone####or####any####other####potential####distraction####within####you####control####prior####to####the####interview####.####shut####down####you####mobile####phone####or####any####other####potential####distraction####within####you####control####prior####to####the####interview####.	0,0,1,0,0,0,0,0,0,0,0,0,0,0,0,0,0,0,0,0,1,0,0,0,0,0,0,0,0,0,0,0,0,0,0,0,0,0	0,0,0,0,0,0,0,0,0,0,0,0,0,0,0,0,0,0,0,0,0,0,0,0,0,0,0,0,0,0,0,0,0,0,0,0,0,0	False
4####-####the####presence####of####voice####,####language####and####body####positioning####be####important####.####the####presence####of####voice####,####language####and####body####positioning####be####important####.####avoid####elevate####voice####tone####,####slang####and####loose####posture####.####bottom####-####line####;####sound####sharp####and####look####sharp####.	0,0,0,0,0,0,0,0,0,0,0,0,0,0,0,0,0,0,0,0,0,0,0,0,0,0,1,1,0,0,0,0,0,0,0,0,0,0,0,0,1,0,0,1,0,0	0,0,0,0,0,0,0,0,0,0,0,0,0,0,0,0,0,0,0,0,0,0,0,0,0,0,0,0,0,0,0,0,0,0,0,0,0,0,0,0,0,0,0,0,0,0	False
5####-####look####directly####into####the####camera####when####speak####;####avoid####wander####eye####or####a####deer####catch####in####the####headlight####scenario####.####look####directly####into####the####camera####when####speak####;####avoid####wander####eye####or####a####deer####catch####in####the####headlight####scenario####.####relax####and####show####confidence####in####you####ability####to####maintain####physical####-####control####.	0,0,1,0,0,0,0,0,1,0,1,1,0,0,0,0,1,0,0,0,0,0,1,0,0,0,0,0,1,0,1,1,0,0,0,0,1,0,0,0,0,0,1,0,1,0,0,0,0,0,1,0,0,0,0	0,0,0,0,0,0,1,0,0,0,0,0,0,0,0,0,0,0,0,0,0,0,0,0,0,0,1,0,0,0,0,0,0,0,0,0,0,0,0,0,0,0,0,0,0,0,0,0,0,0,0,0,0,0,0	False
6####-####answer####each####question####to####the####best####of####you####ability####without####go####overboard####;####keep####you####answer####brief####and####to####the####point####.####answer####each####question####to####the####best####of####you####ability####without####go####overboard####;####keep####you####answer####brief####and####to####the####point####.	0,0,1,0,0,0,0,0,0,0,0,0,1,0,0,1,0,0,0,0,0,0,0,0,1,0,0,0,0,0,0,0,0,0,1,0,0,1,0,0,0,0,0,0,0,0	0,0,0,0,0,0,0,0,0,0,0,0,0,0,0,0,0,0,0,0,0,0,0,0,0,0,0,0,0,0,0,0,0,0,0,0,0,0,0,0,0,0,0,0,0,0	False
7####-####avoid####criticize####you####previous####employer####or####colleague####if####at####all####possible####.####avoid####criticize####you####previous####employer####or####colleague####if####at####all####possible####.	0,0,1,1,0,0,0,0,0,0,0,0,0,0,1,1,0,0,0,0,0,0,0,0,0,0	0,0,0,0,0,0,0,0,0,0,0,0,0,0,0,0,0,0,0,0,0,0,0,0,0,0	False
8####-####avoid####leave####the####confines####of####the####camera####until####the####interview####be####completely####administer####and####remember####to####thank####the####employer####for####he####/####she####time####and####consideration####of####the####interview####session####.####avoid####leave####the####confines####of####the####camera####until####the####interview####be####completely####administer####and####remember####to####thank####the####employer####for####he####/####she####time####and####consideration####of####the####interview####session####.	0,0,1,1,0,0,0,0,0,0,0,0,0,0,1,0,1,0,1,0,0,0,0,0,0,0,0,0,0,0,0,0,0,1,1,0,0,0,0,0,0,0,0,0,0,1,0,1,0,1,0,0,0,0,0,0,0,0,0,0,0,0,0,0	0,0,0,0,0,0,0,0,1,0,0,0,0,0,0,0,0,0,0,0,0,0,0,0,0,0,0,0,0,0,0,0,0,0,0,0,0,0,0,1,0,0,0,0,0,0,0,0,0,0,0,0,0,0,0,0,0,0,0,0,0,0,0,0	False
9####-####remember####to####adjust####the####light####source####around####you####so####that####there####be####light####shine####on####you####face####and####that####there####be####no####light####shine####directly####into####the####webcam####.####remember####to####adjust####the####light####source####around####you####so####that####there####be####light####shine####on####you####face####and####that####there####be####no####light####shine####directly####into####the####webcam####.	0,0,1,0,1,0,0,0,0,0,0,0,0,1,0,1,0,0,0,0,0,0,1,0,0,1,0,0,0,0,0,1,0,1,0,0,0,0,0,0,0,0,1,0,1,0,0,0,0,0,0,1,0,0,1,0,0,0,0,0	0,0,0,0,0,0,0,0,0,0,0,0,0,0,0,0,0,0,0,0,0,0,0,0,0,0,0,0,0,0,0,0,0,0,0,0,0,0,0,0,0,0,0,0,0,0,0,0,0,0,0,0,0,0,0,0,0,0,0,0	False
10####-####do####not####skimp####on####the####webcam####and####microphone####,####quality####do####matter####.####do####not####skimp####on####the####webcam####and####microphone####,####quality####do####matter####.	0,0,0,0,1,0,0,0,0,0,0,0,0,1,0,0,0,1,0,0,0,0,0,0,0,0,1,0	0,0,0,0,0,0,0,0,0,0,0,0,0,0,0,0,0,0,0,0,0,0,0,0,0,0,0,0	False
0####-####encoding####a####stream####with####obs####studio	0,0,0,0,0,0,0,0	0,0,0,0,0,0,0,0	False
1####-####understand####what####encoding####mean####.####understand####what####encoding####mean####.####encode####a####stream####allow####you####to####send####stream####content####from####a####third####-####party####application####(####in####this####case####,####obs####studio####)####to####a####streaming####service####(####e.g.####,####youtube####or####twitch####)####.####since####many####streaming####service####do####not####support####direct####webcam####streaming####,####this####be####the####only####way####to####stream####on####some####platform####.####-####streaming####from####a####encoder####often####result####in####much####higher####-####quality####live####streaming####than####do####use####a####website####'s####build####-####in####streaming####with####you####webcam####.####-####when####encode####a####stream####,####you####will####have####to####retrieve####a####key####and####a####address####from####you####select####streaming####service####and####then####plug####both####piece####of####information####into####obs####studio####(####or####any####other####streaming####application####)####.####-####;	0,0,1,0,0,1,0,1,0,0,1,0,1,0,0,1,0,0,1,0,0,0,0,0,0,0,0,0,0,0,0,0,0,0,0,0,0,0,0,0,0,0,0,0,0,0,0,0,0,0,0,0,0,1,0,0,0,0,0,0,0,0,0,0,1,0,0,0,0,0,0,0,0,0,0,1,0,0,0,0,0,0,0,0,0,1,0,0,0,1,0,0,0,0,0,0,0,0,0,1,0,0,0,0,0,1,0,1,0,0,0,0,0,0,0,1,0,0,0,0,1,0,0,0,0,0,0,0,0,0,0,0,0,0,0,0,0,0	0,0,0,0,0,0,0,0,0,0,0,0,0,0,0,0,0,0,0,0,0,0,0,0,0,0,0,0,0,0,0,0,0,0,0,0,0,0,0,0,0,0,0,0,0,0,0,0,0,0,0,0,0,0,0,1,0,0,0,0,0,0,0,0,0,0,0,0,0,0,0,0,0,0,0,0,0,0,0,0,0,0,0,0,0,0,0,0,0,0,0,0,0,0,0,1,0,0,0,0,0,0,0,0,0,0,0,0,0,0,0,0,0,0,0,0,0,0,0,0,0,0,0,0,0,0,0,0,0,0,0,0,0,0,0,0,0,0	False
2####-####install####you####webcam####install####you####webcam####if####necessary####.####if####you####computer####do####not####already####have####a####build####-####in####webcam####,####you####will####need####to####attach####and####set####up####a####external####usb####webcam####before####you####will####be####able####to####stream####.####-####you####can####buy####webcam####in####virtually####any####tech####store####or####large####online####marketplace####(####e.g.####,####amazon####)####.####they####tend####to####range####in####price####depend####on####they####quality####.	0,0,1,0,0,1,0,0,0,0,0,0,0,0,0,0,0,1,0,1,0,0,0,0,0,0,1,0,1,0,1,0,0,0,0,0,0,0,0,0,0,0,1,0,0,0,0,1,0,0,0,0,0,0,0,0,0,0,0,0,0,0,0,0,0,1,0,1,0,0,1,0,0,0,0	0,0,0,0,1,0,0,1,0,0,0,0,0,0,0,0,0,0,0,0,0,0,1,0,0,0,0,0,0,0,0,0,0,0,0,1,0,0,0,0,0,0,0,0,0,0,0,0,1,0,0,0,0,0,0,0,0,0,0,0,0,0,0,0,0,0,0,0,0,0,0,0,0,0,0	True
3####-####open####you####service####'s####"####live####stream####"####section####and####retrieve####you####stream####key####.####open####you####service####'s####"####live####stream####"####section####and####retrieve####you####stream####key####.####in####order####to####link####you####webcam####'s####stream####to####you####prefer####service####,####you####will####need####to####retrieve####a####link####that####allow####you####to####do####so####from####you####service####.####this####process####vary####from####service####to####service####:####-####-####twitch####-####go####to####https://www.twitch.tv/####and####log####in####if####necessary####,####click####you####username####in####the####upper-right####corner####,####click####dashboard####,####click####the####channel####tab####below####"####setting####"####on####the####left####side####of####the####page####,####click####stream####key####,####click####show####key####,####click####i####understand####,####and####copy####you####key####.####-####facebook####-####go####to####https://www.facebook.com/####and####log####in####if####necessary####,####click####live####video####,####click####the####connect####tab####,####and####copy####the####"####stream####key####"####text####box####'s####contents####.####-####youtube####-####go####to####https://www.youtube.com/live_dashboard_splash####and####log####in####if####necessary####,####click####stream####now####on####the####left####side####of####the####page####,####click####reveal####next####to####the####"####stream####name####/####key####"####box####,####and####copy####the####stream####key####.	0,0,1,0,0,0,0,0,0,0,0,0,1,0,0,0,0,1,0,0,0,0,0,0,0,0,0,1,0,0,0,0,0,0,0,1,0,0,0,0,0,0,1,0,0,0,0,1,0,1,0,0,0,1,0,0,1,0,0,0,0,0,0,0,1,0,0,0,0,0,0,0,0,0,1,0,0,0,1,0,0,0,0,1,0,0,0,0,0,0,0,1,0,0,1,0,0,0,0,0,0,0,0,0,0,0,0,0,0,0,1,0,0,0,1,0,0,0,1,0,1,0,0,1,0,0,0,0,0,0,1,0,0,0,1,0,0,0,0,1,0,0,0,1,0,0,0,0,0,1,0,0,0,0,0,0,0,0,0,0,0,0,0,1,0,0,0,1,0,0,0,0,1,0,0,0,0,0,0,0,0,0,0,1,1,0,0,0,0,0,0,0,0,0,0,0,0,1,0,0,0,0	0,0,0,0,0,0,0,0,0,0,0,0,0,0,0,0,0,0,0,0,0,0,0,0,0,0,0,0,0,0,0,0,0,0,0,0,0,1,0,0,0,0,0,0,0,0,0,0,0,0,0,0,0,0,0,0,0,0,0,0,0,0,0,0,0,0,0,0,0,0,0,0,0,0,0,0,0,0,0,0,0,0,0,0,0,0,0,0,0,0,0,0,0,0,0,0,0,0,0,0,0,0,0,0,0,0,0,0,0,0,0,0,0,0,0,0,0,0,0,0,0,0,0,0,0,0,0,0,0,0,0,0,0,0,0,0,0,0,0,0,0,0,0,0,0,0,0,0,0,0,0,0,0,0,0,0,0,0,0,0,0,0,0,0,0,0,0,0,0,0,0,0,0,0,0,0,0,0,0,0,0,0,0,0,0,0,0,0,0,0,0,0,0,0,0,0,0,0,0,0,0,0	False
4####-####open####ob####studio####.####open####obs####studio####.####its####app####icon####resemble####a####three####-####blade####fan####on####a####black####background####.####-####if####you####have####not####yet####install####obs####studio####,####go####to####https://obsproject.com/download####in####you####browser####,####select####you####operating####system####,####click####download####installer####,####and####install####it####before####proceed####.	0,0,0,0,0,0,0,0,0,0,0,0,0,1,0,0,0,1,0,0,0,0,0,0,0,0,0,0,0,0,1,0,0,0,1,0,0,0,0,0,0,1,0,0,0,0,1,0,0,0,0,1,0,0,1,0	0,0,0,0,0,0,0,0,0,0,0,0,0,0,0,0,0,0,0,0,0,0,0,0,0,0,0,0,0,0,0,0,0,0,0,0,0,0,0,0,0,0,0,0,0,0,0,0,0,0,0,0,0,0,0,0	False
5####-####click####file####.####click####file####.####this####option####be####in####the####upper####-####leave####side####of####the####window####.####-####on####a####mac####,####click####obs####studio####in####the####upper-left####corner####of####the####screen####.	0,0,0,0,0,1,0,0,0,0,0,0,0,0,0,1,0,0,0,0,0,0,0,0,0,0,1,0,0,0,0,0,0,0,0,0,0	0,0,0,0,0,0,0,0,0,0,0,0,0,0,0,0,0,0,0,0,0,0,0,0,0,0,0,0,0,0,0,0,0,0,0,0,0	False
6####-####click####setting####.####click####setting####.####it####be####in####the####file####drop####-####down####menu####.####do####so####open####the####setting####window####.####-####on####a####mac####,####click####preference####...####in####the####drop####-####down####menu####.	0,0,0,0,0,1,0,0,0,0,0,0,0,0,0,0,0,0,1,0,1,0,0,0,0,0,0,0,0,0,1,0,0,0,0,0,0,0,0,0	0,0,0,0,0,0,0,0,0,0,0,0,0,0,0,0,0,0,0,0,0,0,0,0,0,0,0,0,0,0,0,0,0,0,0,0,0,0,0,0	False
7####-####click####the####stream####tab####.####click####the####stream####tab####.####you####will####find####this####on####the####left####side####of####the####window####.	0,0,1,0,0,0,0,1,0,0,0,0,0,0,1,0,0,0,0,0,0,0,0,0	0,0,0,0,0,0,0,0,0,0,0,0,0,0,0,0,0,0,0,0,0,0,0,0	False
8####-####select####a####streaming####service####.####select####a####streaming####service####.####click####the####"####service####"####drop####-####down####box####,####then####click####you####service####'s####name####(####e.g.####,####twitch####)####in####the####drop####-####down####menu####.	0,0,1,0,0,0,0,1,0,0,0,0,1,0,0,0,0,0,0,0,0,0,0,1,0,0,0,0,0,0,0,0,0,0,0,0,0,0,0,0	0,0,0,0,0,0,0,0,0,0,0,0,0,0,0,0,0,0,0,0,0,0,0,0,0,0,0,0,0,0,0,0,0,0,0,0,0,0,0,0	False
9####-####enter####you####stream####key####.####enter####you####stream####key####.####click####the####"####stream####key####"####text####box####,####then####paste####in####you####stream####key####by####press####ctrl+v####(####window####)####or####⌘####command####+####v####(####mac####)####.	0,0,1,0,0,0,0,1,0,0,0,0,1,0,0,0,0,0,0,0,0,0,1,0,0,0,0,0,1,0,0,0,0,0,0,0,0,0,0,0,0,0	0,0,0,0,0,0,0,0,0,0,0,0,0,0,0,0,0,0,0,0,0,0,0,0,0,0,0,0,0,0,0,0,0,0,0,0,0,0,0,0,0,0	False
10####-####click####apply####,####then####click####ok####.####click####apply####,####then####click####ok####.####both####option####be####at####the####bottom####of####the####page####.####this####will####save####you####setting####and####close####the####window####.####-####if####you####do####not####see####apply####and####ok####on####a####mac####,####just####close####the####preference####window####.	0,0,0,1,0,0,1,0,0,1,1,0,0,1,0,0,0,0,0,0,0,0,0,0,0,0,0,0,1,0,0,0,1,0,0,0,0,0,0,0,0,1,1,0,0,0,0,0,0,0,1,0,0,0,0	0,0,0,0,0,0,0,0,0,0,0,0,0,0,0,0,0,0,0,0,0,0,0,0,0,0,0,0,0,0,0,0,0,0,0,0,0,0,0,0,0,0,0,0,0,0,0,0,0,0,0,0,0,0,0	False
11####-####add####you####webcam####to####the####stream####.####add####you####webcam####to####the####stream####.####by####default####,####obs####studio####will####record####you####desktop####.####you####will####need####to####add####you####webcam####by####do####the####follow####:####-####click####＋####below####the####"####source####"####box####at####the####bottom####of####the####page####.####-####click####video####capture####device####-####check####the####"####create####new####"####box####and####enter####a####title####.####-####click####ok####-####select####you####webcam####.####-####click####ok	0,0,1,0,0,0,0,0,0,1,0,0,0,0,0,0,0,0,0,0,0,0,1,0,0,0,0,0,1,0,1,0,0,0,1,0,1,0,0,1,0,0,0,0,0,0,0,0,0,0,0,0,0,0,0,1,0,1,0,0,1,0,0,1,0,0,0,0,1,0,0,0,0,1,0,0,1,0,0,0,0,1,0	0,0,0,0,1,0,0,0,0,0,0,1,0,0,0,0,0,0,0,0,0,0,0,0,0,0,0,0,0,0,0,0,1,0,0,0,0,0,0,0,0,0,0,0,0,0,0,0,0,0,0,0,0,0,0,0,0,0,0,0,0,0,0,0,0,0,0,0,0,0,0,0,0,0,0,0,0,0,1,0,0,0,0	False
12####-####adjust####you####webcam####'s####view####.####adjust####you####webcam####'s####view####.####you####can####click####and####drag####the####bottom####-####right####corner####of####the####red####box####that####be####surround####you####webcam####in####order####to####enlarge####the####amount####of####screen####space####that####you####webcam####cover####.####-####skip####this####step####if####you####be####happy####with####the####current####webcam####setting####.	0,0,1,0,0,0,0,0,1,0,0,0,0,0,0,0,1,0,1,0,0,0,0,0,0,0,0,0,0,0,1,0,0,0,0,0,1,0,0,0,0,0,0,0,0,1,0,0,1,0,0,0,0,0,0,0,0,0,0,0,0	0,0,0,0,1,0,0,0,0,0,1,0,0,0,0,0,0,0,0,0,0,0,0,0,0,0,0,0,0,0,0,0,1,0,0,0,0,0,0,0,0,0,0,0,1,0,0,0,0,0,0,0,0,0,0,0,0,0,1,0,0	False
13####-####click####start####streaming####.####click####start####streaming####.####it####be####a####button####in####the####lower####-####right####side####of####the####obs####studio####window####.####you####stream####will####begin####.	0,0,0,0,0,0,1,0,0,0,0,0,0,0,0,0,0,0,0,0,0,0,0,0,0,0,0,0,0,1,0	0,0,0,0,0,0,0,0,0,0,0,0,0,0,0,0,0,0,0,0,0,0,0,0,0,0,0,0,0,0,0	False
14####-####add####you####ob####stream####to####you####prefer####platform####.####add####you####ob####stream####to####you####prefer####platform####.####depend####on####you####select####service####,####this####process####will####vary####:####-####-####twitch####-####you####will####go####live####automatically####.####open####you####channel####page####to####view####the####stream####.####-####facebook####-####click####go####live####in####the####lower####-####right####side####of####the####connect####tab####from####which####you####retrieve####you####stream####key####earlier####.####-####youtube####-####click####go####live####on####the####stream####now####tab####from####which####you####retrieve####you####stream####key####earlier####.	0,0,1,0,0,0,0,0,1,0,0,1,0,0,0,0,0,1,0,0,1,0,0,1,0,0,0,0,0,1,0,0,0,0,0,0,0,1,0,0,0,1,0,0,0,0,1,0,0,0,0,0,0,1,1,1,0,0,0,0,0,0,0,0,0,0,0,0,0,1,0,0,0,0,0,0,0,0,0,1,1,0,0,0,0,1,0,0,0,1,0,0,0,0,0	0,0,0,0,0,0,0,0,0,0,0,0,0,0,0,0,0,0,0,0,0,0,0,0,0,0,0,0,0,0,0,0,0,0,0,0,0,0,0,0,0,0,0,0,0,0,0,0,0,0,0,0,0,0,0,0,0,0,0,0,0,0,0,0,0,0,0,0,0,0,0,0,0,0,0,0,0,0,0,0,0,0,0,0,0,0,0,0,0,0,0,0,0,0,0	False
0####-####streaming####directly####from####you####webcam####on####youtube	0,0,0,0,0,0,0,0,0	0,0,0,0,0,0,1,0,0	False
1####-####install####you####webcam####install####you####webcam####if####necessary####.####if####you####computer####do####not####already####have####a####build####-####in####webcam####,####you####will####need####to####attach####and####set####up####a####external####usb####webcam####before####you####will####be####able####to####stream####.####-####you####can####buy####webcam####in####virtually####any####tech####store####or####large####online####marketplace####(####e.g.####,####amazon####)####.####they####tend####to####range####in####price####depend####on####they####quality####.	0,0,1,0,0,1,0,0,0,0,0,0,0,0,0,0,0,1,0,1,0,0,0,0,0,0,1,0,1,0,1,0,0,0,0,0,0,0,0,0,0,0,1,0,0,0,0,1,0,0,0,0,0,0,0,0,0,0,0,0,0,0,0,0,0,1,0,1,0,0,1,0,0,0,0	0,0,0,0,1,0,0,1,0,0,0,0,0,0,0,0,0,0,0,0,0,0,1,0,0,0,0,0,0,0,0,0,0,0,0,1,0,0,0,0,0,0,0,0,0,0,0,0,1,0,0,0,0,0,0,0,0,0,0,0,0,0,0,0,0,0,0,0,0,0,0,0,0,0,0	True
2####-####make####sure####that####you####be####use####google####chrome####.####make####sure####that####you####be####use####google####chrome####.####as####of####april####2018####,####stream####to####youtube####directly####from####you####computer####'s####webcam####be####only####available####on####google####chrome####.####-####streaming####directly####from####you####webcam####be####only####available####on####chrome####version####60####and####up####.####if####you####be####still####use####a####older####version####of####chrome####,####update####it####before####proceed####.####[####1####]####-####x####-####research####source	0,0,1,0,0,0,0,1,0,0,0,1,0,0,0,0,1,0,0,0,0,0,0,0,0,1,0,0,0,0,0,0,0,0,0,0,0,0,0,0,0,0,0,0,0,0,0,0,0,0,0,0,0,0,0,0,0,0,0,0,0,1,0,0,0,0,0,0,1,0,0,1,0,0,0,0,0,0,0,0,0	0,0,0,0,0,0,0,0,0,0,0,0,0,0,0,0,0,0,0,0,0,0,0,0,0,0,0,0,0,0,0,0,0,1,0,0,0,0,0,0,0,0,0,0,0,0,1,0,0,0,0,0,0,0,0,0,0,0,0,0,0,0,0,0,0,0,0,0,0,0,0,0,0,0,0,0,0,0,0,0,0	False
3####-####open####youtube####.####open####youtube####.####go####to####https://www.youtube.com/####in####you####computer####'s####web####browser####.####this####will####open####you####youtube####home####page####if####you####be####log####into####you####google####account####.####-####if####you####be####not####log####in####,####click####sign####in####in####the####upper-right####side####of####the####page####,####then####enter####you####email####address####and####password####when####prompt####.	0,0,0,0,0,1,0,0,1,0,0,0,0,0,0,0,0,0,0,0,1,0,0,0,0,0,0,0,1,0,0,0,0,0,0,0,0,0,0,1,0,0,1,1,0,0,0,0,0,0,0,0,0,0,1,0,0,0,0,0,0,1,0	0,0,0,0,0,0,0,0,0,0,0,0,0,0,0,0,0,0,0,0,0,0,0,0,0,0,0,0,0,0,0,0,0,0,0,0,0,0,0,0,0,0,0,0,0,0,0,0,0,0,0,0,0,0,0,0,0,0,0,0,0,0,0	False
4####-####click####the####"####upload####"####icon####.####click####the####"####upload####"####icon####.####it####be####the####video####camera####-####shape####icon####in####the####upper-right####side####of####the####page####.####a####drop####-####down####menu####will####appear####.	0,0,1,0,0,0,0,0,0,1,0,0,0,0,0,0,0,0,0,0,0,0,1,0,0,0,0,0,0,0,0,0,0,0,0,0,0,0,1,0	0,0,0,0,0,0,0,0,0,0,0,0,0,0,0,0,0,0,0,0,0,0,0,0,0,0,0,0,0,0,0,0,0,0,0,0,0,0,0,0	False
5####-####click####go####live####.####click####go####live####.####this####option####be####in####the####drop####-####down####menu####.####do####so####open####the####live####-####streaming####section####of####youtube####.	0,0,0,1,0,0,1,1,0,0,0,0,0,0,0,0,0,0,0,0,1,0,1,0,0,0,0,0,0,0,0	0,0,0,0,0,0,0,0,0,0,0,0,0,0,0,0,0,0,0,0,0,0,0,0,0,0,0,0,0,0,0	False
6####-####click####get####start####.####click####get####start####.####it####be####a####blue####button####in####the####middle####of####the####page####.####this####will####prompt####youtube####to####begin####validate####you####account####,####which####will####unlock####the####ability####to####live####-####stream####in####24####hour####.####[####2####]####-####x####-####research####source####-####-####if####you####have####already####activate####you####account####for####stream####on####youtube####,####skip####to####the####"####click####camera####"####step####.	0,0,0,0,1,0,1,0,1,0,0,0,0,0,0,0,0,0,0,0,0,0,0,0,1,0,0,1,1,0,0,0,0,0,1,0,0,0,1,0,0,0,0,0,0,0,0,0,0,0,0,0,0,0,0,0,0,0,0,1,0,0,0,1,0,0,0,1,0,0,0,0,0,0,0,0	0,0,0,0,0,0,0,0,0,0,0,0,0,0,0,0,0,0,0,0,0,0,0,0,0,0,0,0,0,0,0,0,0,0,0,0,0,0,0,0,0,0,0,0,0,0,0,0,0,0,0,0,0,0,0,0,0,0,0,0,0,0,0,0,0,0,0,0,0,0,0,0,0,0,0,0	False
7####-####re-open####the####live####-####streaming####page####after####24####hour####.####re-open####the####live####-####streaming####page####after####24####hour####.####once####you####account####be####able####to####stream####,####go####back####to####youtube####,####click####the####"####upload####"####button####appropriate####to####you####browser####,####and####select####the####go####live####option####.	0,0,1,0,0,0,0,0,0,0,0,0,1,0,0,0,0,0,0,0,0,0,0,0,0,0,0,0,1,0,1,0,0,0,0,1,0,0,1,0,0,0,0,0,0,0,0,1,0,0,0,0,0	0,0,0,0,0,0,0,0,0,0,0,0,0,0,0,0,0,0,0,0,0,0,0,0,0,0,0,0,0,0,0,0,0,0,0,0,0,0,0,0,0,0,0,0,0,0,0,0,0,0,0,0,0	False
8####-####click####camera####.####click####camera####.####it####be####a####tab####on####the####left####side####of####the####page####.####this####option####allow####you####to####stream####directly####from####you####webcam####without####have####to####download####a####encoder####.	0,0,0,0,0,1,0,0,0,0,0,0,0,0,0,0,0,0,0,0,0,0,1,0,0,1,0,0,0,0,0,1,0,1,0,0,0	0,0,0,0,0,0,0,0,0,0,0,0,0,0,0,0,0,0,0,0,0,0,0,0,0,0,0,0,0,1,0,0,0,0,0,0,0	False
9####-####click####allow####when####prompt####.####click####allow####when####prompt####.####this####notification####will####appear####in####the####upper-left####corner####of####the####window####.####do####so####allow####chrome####to####use####you####webcam####and####microphone####.	0,0,0,1,0,1,0,1,1,0,1,0,0,0,0,1,0,0,0,0,0,0,0,0,1,0,1,0,0,1,0,0,0,0,0	0,0,0,0,0,0,0,0,0,0,0,0,0,0,0,0,0,0,0,0,0,0,0,0,0,0,0,0,0,0,0,1,0,0,0	False
10####-####enter####you####stream####'s####information####.####enter####you####stream####'s####information####.####type####the####title####and####description####for####you####stream####into####the####"####title####"####and####"####description####"####text####box####,####then####select####a####thumbnail####if####desire####.####[####3####]####-####x####-####research####source	0,0,1,0,0,0,0,0,1,0,0,0,0,0,1,0,0,0,0,0,0,0,0,0,0,0,0,0,0,0,0,0,0,0,0,1,0,0,0,1,0,0,0,0,0,0,0,0,0	0,0,0,0,0,0,0,0,0,0,0,0,0,0,0,0,0,0,0,0,0,0,0,0,0,0,0,0,0,0,0,0,0,0,0,0,0,0,0,0,0,0,0,0,0,0,0,0,0	False
11####-####click####go####live####.####click####go####live####.####it####be####a####blue####button####.####do####so####will####prompt####youtube####to####begin####stream####from####you####webcam####.	0,0,0,1,0,0,1,1,0,0,0,0,0,0,0,0,1,0,0,1,0,0,1,1,0,0,0,0	0,0,0,0,0,0,0,0,0,0,0,0,0,0,0,0,0,0,0,0,0,0,0,0,0,0,1,0	False
0####-####streaming####directly####from####you####webcam####on####facebook	0,0,0,0,0,0,0,0,0	0,0,0,0,0,0,1,0,0	False
1####-####install####you####webcam####install####you####webcam####if####necessary####.####if####you####computer####do####not####already####have####a####build####-####in####webcam####,####you####will####need####to####attach####and####set####up####a####external####usb####webcam####before####you####will####be####able####to####stream####.####-####you####can####buy####webcam####in####virtually####any####tech####store####or####large####online####marketplace####(####e.g.####,####amazon####)####.####they####tend####to####range####in####price####depend####on####they####quality####.	0,0,1,0,0,1,0,0,0,0,0,0,0,0,0,0,0,1,0,1,0,0,0,0,0,0,1,0,1,0,1,0,0,0,0,0,0,0,0,0,0,0,1,0,0,0,0,1,0,0,0,0,0,0,0,0,0,0,0,0,0,0,0,0,0,1,0,1,0,0,1,0,0,0,0	0,0,0,0,1,0,0,1,0,0,0,0,0,0,0,0,0,0,0,0,0,0,1,0,0,0,0,0,0,0,0,0,0,0,0,1,0,0,0,0,0,0,0,0,0,0,0,0,1,0,0,0,0,0,0,0,0,0,0,0,0,0,0,0,0,0,0,0,0,0,0,0,0,0,0	True
2####-####open####facebook####.####open####facebook####.####go####to####https://www.facebook.com/####in####you####computer####'s####web####browser####.####this####will####open####you####facebook####news####feed####if####you####be####log####in####.####-####if####you####be####not####log####into####facebook####,####enter####you####email####address####(####or####phone####number####)####and####password####in####the####upper-right####side####of####the####page####,####then####click####log####in####.	0,0,0,0,0,1,0,0,1,0,0,0,0,0,0,0,0,0,0,0,1,0,0,0,0,0,0,0,1,0,0,0,0,0,0,0,1,0,0,0,1,0,0,0,0,0,0,0,0,0,0,0,0,0,0,0,0,0,0,0,1,0,0,0	0,0,0,0,0,0,0,0,0,0,0,0,0,0,0,0,0,0,0,0,0,0,0,0,0,0,0,0,0,0,0,0,0,0,0,0,0,0,0,0,0,0,0,0,0,0,0,0,0,0,0,0,0,0,0,0,0,0,0,0,0,0,0,0	False
3####-####click####live####video####.####click####live####video####.####it####be####near####the####top####of####the####news####feed####page####,####just####above####the####text####box####where####you####would####usually####post####a####status####.####do####so####open####the####"####create####a####live####stream####"####pop-out####menu####.	0,0,1,0,0,0,1,0,0,0,0,0,0,0,0,0,0,0,0,0,0,0,0,0,0,0,0,0,0,0,1,0,0,0,1,0,1,0,0,1,0,0,0,0,0,0,0	0,0,0,0,0,0,0,0,0,0,0,0,0,0,0,0,0,0,0,0,0,0,0,0,0,0,0,0,0,0,0,0,0,0,0,0,0,0,0,0,0,0,0,0,0,0,0	False
4####-####allow####facebook####to####access####you####webcam####and####microphone####.####allow####facebook####to####access####you####webcam####and####microphone####.####click####allow####(####or####similar####)####when####prompt####to####allow####facebook####to####use####you####webcam####,####then####do####the####same####if####ask####to####allow####access####to####you####microphone####.	0,0,1,0,0,1,0,0,0,0,0,1,0,0,1,0,0,0,0,0,1,1,0,0,0,0,0,1,0,1,0,0,1,0,0,0,0,1,0,0,0,1,0,1,0,0,0,0,0	0,0,0,0,0,0,0,1,0,0,0,0,0,0,0,0,1,0,0,0,0,0,0,0,0,0,0,0,0,0,0,0,0,0,1,0,0,0,0,0,0,0,0,0,0,0,0,0,0	False
5####-####add####a####description####to####the####video####.####add####a####description####to####the####video####.####in####the####"####say####something####about####this####live####video####...####"####text####box####,####type####in####a####description####for####you####stream####.####-####this####be####optional####,####but####recommend####.	0,0,1,0,0,0,0,0,0,1,0,0,0,0,0,0,0,0,0,1,0,0,0,0,0,0,0,0,0,0,1,0,0,0,0,0,0,0,0,0,0,0,0,0,1,0	0,0,0,0,0,0,0,0,0,0,0,0,0,0,0,0,0,0,0,0,0,0,0,0,0,0,0,0,0,0,0,0,0,0,0,0,0,0,0,0,0,0,0,0,0,0	False
6####-####add####a####title####.####add####a####title####.####if####you####want####to####place####a####title####on####you####stream####,####type####you####title####into####the####"####title####"####head####near####the####bottom####of####the####pop-out####menu####.	0,0,1,0,0,0,1,0,0,0,0,0,1,0,1,0,0,0,0,0,0,1,0,0,0,0,0,0,0,1,0,0,0,0,0,0,0,0	0,0,0,0,0,0,0,0,0,0,0,0,0,0,0,0,0,0,0,0,0,0,0,0,0,0,0,0,0,0,0,0,0,0,0,0,0,0	False
7####-####click####go####live####.####click####go####live####.####it####be####in####the####bottom####-####right####corner####of####the####page####.####do####so####cause####you####webcam####to####begin####stream####to####facebook####.####-####you####can####close####the####live####stream####at####any####time####by####click####end####live####video####and####then####click####end####when####prompt####.	0,0,1,1,0,0,1,1,0,0,0,0,0,0,0,0,0,0,0,0,0,0,1,0,1,0,0,0,1,1,0,0,0,0,0,0,1,0,0,0,0,0,0,0,1,0,0,0,0,0,1,0,0,1,0	0,0,0,0,0,0,0,0,0,0,0,0,0,0,0,0,0,0,0,0,0,0,0,0,0,0,1,0,0,0,0,0,0,0,0,0,0,0,0,0,0,0,0,0,0,0,0,0,0,0,0,0,0,0,0	False
